code,country,crime_rate,safety,norm_crime_rate,norm_crime_rate_log16,country_c
AF,Afghanistan,78.3,21.7,0.042459736,0.679355783,Afghanistan
AL,Albania,45.6,54.4,0.521229868,8.339677892,Albania
DZ,Algeria,52.2,47.8,0.424597365,6.793557833,Algeria
AD,Andorra,12.9,87.1,1,16,Andorra
AO,Angola,66.5,33.5,0.21522694,3.44363104,Angola
AR,Argentina,64.2,35.8,0.248901903,3.982430454,Argentina
AM,Armenia,22.4,77.6,0.86090776,13.77452416,Armenia
AU,Australia,47.1,52.9,0.499267936,7.988286969,Australia
AT,Austria,29.3,70.7,0.75988287,12.15812592,Austria
AZ,Azerbaijan,31.6,68.4,0.726207906,11.6193265,Azerbaijan
BS,Bahamas,56.5,43.5,0.361639824,5.786237189,Bahamas
BH,Bahrain,23.9,76.1,0.838945827,13.42313324,Bahrain
BD,Bangladesh,61.5,38.5,0.288433382,4.614934114,Bangladesh
BB,Barbados,47.1,52.9,0.499267936,7.988286969,Barbados
BY,Belarus,50.8,49.2,0.445095168,7.121522694,Belarus
BE,Belgium,49.2,50.8,0.46852123,7.496339678,Belgium
BZ,Belize,53,47,0.412884334,6.606149341,Belize
BO,Bolivia,64.6,35.4,0.243045388,3.888726208,Bolivia
BW,Botswana,52.2,47.8,0.424597365,6.793557833,Botswana
BR,Brazil,65.6,34.4,0.2284041,3.654465593,Brazil
BN,Brunei,29.5,70.5,0.756954612,12.11127379,Brunei Darussalam
BG,Bulgaria,37.1,62.9,0.64568082,10.33089312,Bulgaria
KH,Cambodia,52.8,47.2,0.415812592,6.653001464,Cambodia
CM,Cameroon,63.5,36.5,0.259150805,4.146412884,Cameroon
CA,Canada,45.2,54.8,0.527086384,8.433382138,Canada
CL,Chile,59.3,40.7,0.320644217,5.130307467,Chile
CN,China,24.9,75.1,0.824304539,13.18887262,China
CO,Colombia,61.2,38.8,0.292825769,4.685212299,Colombia
CR,Costa Rica,53.7,46.3,0.402635432,6.442166911,Costa Rica
HR,Croatia,26,74,0.808199122,12.93118594,Croatia
CU,Cuba,33.4,66.6,0.699853587,11.19765739,Cuba
CY,Cyprus,32.4,67.6,0.714494876,11.43191801,Cyprus
CZ,Czech Republic,26.8,73.2,0.796486091,12.74377745,Czechia
DK,Denmark,26.3,73.7,0.803806735,12.86090776,Denmark
DO,Dominican Republic,60.5,39.5,0.303074671,4.849194729,Dominican Republic
EC,Ecuador,62.1,37.9,0.279648609,4.474377745,Ecuador
EG,Egypt,47.3,52.7,0.496339678,7.941434846,Egypt
SV,El Salvador,61.3,38.7,0.29136164,4.661786237,El Salvador
EE,Estonia,23.8,76.2,0.840409956,13.4465593,Estonia
ET,Ethiopia,50.8,49.2,0.445095168,7.121522694,Ethiopia
FJ,Fiji,57.3,42.7,0.349926794,5.598828697,Fiji
FI,Finland,26.3,73.7,0.803806735,12.86090776,Finland
FR,France,55.3,44.7,0.37920937,6.067349927,France
GE,Georgia,26.1,73.9,0.806734993,12.90775988,Georgia
DE,Germany,38.9,61.1,0.619326501,9.909224012,Germany
GH,Ghana,43.9,56.1,0.546120059,8.737920937,Ghana
GR,Greece,46.7,53.3,0.505124451,8.081991215,Greece
GT,Guatemala,59.5,40.5,0.317715959,5.083455344,Guatemala
GY,Guyana,67.3,32.7,0.203513909,3.256222548,Guyana
HT,Haiti,77.9,22.1,0.048316252,0.773060029,Haiti
HN,Honduras,73.4,26.6,0.11420205,1.827232796,Honduras
HU,Hungary,33.7,66.3,0.695461201,11.12737921,Hungary
IS,Iceland,25.4,74.6,0.816983895,13.07174231,Iceland
IN,India,44.3,55.7,0.540263543,8.644216691,India
ID,Indonesia,46.1,53.9,0.513909224,8.222547584,Indonesia
IR,Iran,49.5,50.5,0.464128843,7.426061493,Iran
IQ,Iraq,44.7,55.3,0.534407028,8.550512445,Iraq
IE,Ireland,46.5,53.5,0.508052709,8.128843338,Ireland
IL,Israel,32.4,67.6,0.714494876,11.43191801,Israel
IT,Italy,47.3,52.7,0.496339678,7.941434846,Italy
CI,Ivory Coast,57.1,42.9,0.352855051,5.64568082,Cote d'Ivoire
JM,Jamaica,68.1,31.9,0.191800878,3.068814056,Jamaica
JP,Japan,22.6,77.4,0.857979502,13.72767204,Japan
JO,Jordan,40.4,59.6,0.597364568,9.557833089,Jordan
KZ,Kazakhstan,45.9,54.1,0.516837482,8.269399707,Kazakhstan
KE,Kenya,56.4,43.6,0.363103953,5.80966325,Kenya
KW,Kuwait,32.8,67.2,0.70863836,11.33821376,Kuwait
KG,Kyrgyzstan,54,46,0.398243045,6.371888726,Kyrgyz Republic
LV,Latvia,37.4,62.6,0.641288433,10.26061493,Latvia
LB,Lebanon,46.4,53.6,0.509516837,8.1522694,Lebanon
LY,Libya,60.4,39.6,0.304538799,4.872620791,Libya
LT,Lithuania,32.8,67.2,0.70863836,11.33821376,Lithuania
LU,Luxembourg,34.4,65.6,0.685212299,10.96339678,Luxembourg
MY,Malaysia,50.7,49.3,0.446559297,7.144948755,Malaysia
MV,Maldives,55,45,0.383601757,6.137628111,Maldives
MT,Malta,41.2,58.8,0.585651537,9.370424597,Malta
MU,Mauritius,47.8,52.2,0.489019034,7.824304539,Mauritius
MX,Mexico,53.8,46.2,0.401171303,6.418740849,Mexico
MD,Moldova,45.1,54.9,0.528550512,8.456808199,Moldova
MC,Monaco,23.6,76.4,0.843338214,13.49341142,Monaco
MN,Mongolia,52.4,47.6,0.421669107,6.74670571,Mongolia
ME,Montenegro,38,62,0.63250366,10.12005857,Montenegro
MA,Morocco,46.5,53.5,0.508052709,8.128843338,Morocco
MZ,Mozambique,63.7,36.3,0.256222548,4.099560761,Mozambique
MM,Myanmar,50.4,49.6,0.450951684,7.21522694,Myanmar
,Namibia,63.9,36.1,0.25329429,4.052708638,Namibia
NP,Nepal,37.7,62.3,0.636896047,10.19033675,Nepal
NL,Netherlands,26.3,73.7,0.803806735,12.86090776,Netherlands
NZ,New Zealand,47.7,52.3,0.490483163,7.8477306,New Zealand
NI,Nicaragua,52.2,47.8,0.424597365,6.793557833,Nicaragua
NG,Nigeria,66.2,33.8,0.219619327,3.513909224,Nigeria
KP,North Korea,51.7,48.3,0.431918009,6.910688141,North Korea
MK,North Macedonia,41,59,0.588579795,9.41727672,North Macedonia
NO,Norway,32.6,67.4,0.711566618,11.38506589,Norway
OM,Oman,19,81,0.910688141,14.57101025,Oman
PK,Pakistan,43.2,56.8,0.55636896,8.901903367,Pakistan
PS,Palestine,42.1,57.9,0.572474378,9.159590044,Palestine
PA,Panama,44.3,55.7,0.540263543,8.644216691,Panama
PG,Papua New Guinea,79.7,20.3,0.021961933,0.351390922,Papua New Guinea
PY,Paraguay,50.9,49.1,0.44363104,7.098096633,Paraguay
PE,Peru,67.8,32.2,0.196193265,3.13909224,Peru
PH,Philippines,42.8,57.2,0.562225476,8.995607613,Philippines
PL,Poland,30.7,69.3,0.739385066,11.83016105,Poland
PT,Portugal,31.2,68.8,0.732064422,11.71303075,Portugal
PR,Puerto Rico,61.7,38.3,0.285505124,4.568081991,Puerto Rico
QA,Qatar,16,84,0.954612006,15.27379209,Qatar
RO,Romania,33.7,66.3,0.695461201,11.12737921,Romania
RU,Russia,39.1,60.9,0.616398243,9.862371889,Russia
RW,Rwanda,26.8,73.2,0.796486091,12.74377745,Rwanda
SA,Saudi Arabia,26.9,73.1,0.795021962,12.72035139,Saudi Arabia
RS,Serbia,38.3,61.7,0.628111274,10.04978038,Serbia
SG,Singapore,23.5,76.5,0.844802343,13.51683748,Singapore
SK,Slovakia,31.1,68.9,0.733528551,11.73645681,Slovakia
SI,Slovenia,24.2,75.8,0.834553441,13.35285505,Slovenia
SO,Somalia,65.2,34.8,0.234260615,3.748169839,Somalia
ZA,South Africa,75.4,24.6,0.084919473,1.358711567,South Africa
KR,South Korea,24.9,75.1,0.824304539,13.18887262,South Korea
ES,Spain,36.2,63.8,0.65885798,10.54172767,Spain
LK,Sri Lanka,42.1,57.9,0.572474378,9.159590044,Sri Lanka
SD,Sudan,45.4,54.6,0.524158126,8.386530015,Sudan
SE,Sweden,48.4,51.6,0.480234261,7.68374817,Sweden
CH,Switzerland,25.3,74.7,0.818448023,13.09516837,Switzerland
SY,Syria,69.1,30.9,0.17715959,2.834553441,Syria
TW,Taiwan,16.7,83.3,0.944363104,15.10980966,Taiwan
TZ,Tanzania,54.5,45.5,0.390922401,6.254758419,Tanzania
TH,Thailand,37.9,62.1,0.633967789,10.14348463,Thailand
TT,Trinidad and Tobago,70.8,29.2,0.1522694,2.436310395,Trinidad and Tobago
TN,Tunisia,44.4,55.6,0.538799414,8.62079063,Tunisia
TR,Turkey,40.9,59.1,0.590043924,9.440702782,Türkiye
UG,Uganda,55,45,0.383601757,6.137628111,Uganda
UA,Ukraine,46.9,53.1,0.502196193,8.035139092,Ukraine
AE,United Arab Emirates,15.6,84.4,0.960468521,15.36749634,United Arab Emirates
GB,United Kingdom,47.4,52.6,0.494875549,7.918008785,United Kingdom
US,United States,49.3,50.7,0.467057101,7.472913616,United States
UY,Uruguay,52.2,47.8,0.424597365,6.793557833,Uruguay
UZ,Uzbekistan,30.5,69.5,0.742313324,11.87701318,Uzbekistan
VE,Venezuela,81.2,18.8,0,0,Venezuela
VN,Vietnam,42.2,57.8,0.571010249,9.136163982,Vietnam
YE,Yemen,68.6,31.4,0.184480234,2.951683748,Yemen
ZM,Zambia,46.4,53.6,0.509516837,8.1522694,Zambia
ZW,Zimbabwe,60.9,39.1,0.297218155,4.755490483,Zimbabwe
